"SNP","effect_allele.exposure","other_allele.exposure","effect_allele.outcome","other_allele.outcome","beta.exposure","beta.outcome","eaf.exposure","eaf.outcome","remove","palindromic","ambiguous","id.outcome","se.outcome","pval.outcome","outcome","samplesize.outcome","se.exposure","pval.exposure","id.exposure","exposure","samplesize.exposure","action","SNP_index","mr_keep"
"rs10900219","G","A","G","A",0.1046,-0.0313456,0.20674,0.309707,FALSE,FALSE,FALSE,"SCC",0.0269684,0.245111,"SCC",22215,0.009988,1.154e-25,"6895_1_TFRC_TR","TFRC",35328,2,1,TRUE
"rs12210538","G","A","G","A",0.0649,0.00250876,0.22584,0.161663,FALSE,FALSE,FALSE,"SCC",0.0335799,0.940445,"SCC",22215,0.00972,2.44e-11,"6895_1_TFRC_TR","TFRC",35373,2,1,TRUE
"rs12461546","T","C","T","C",0.1273,-0.0311566,0.08577,0.0505952,FALSE,FALSE,FALSE,"SCC",0.0572603,0.586357,"SCC",22215,0.014567,2.356e-18,"6895_1_TFRC_TR","TFRC",35382,2,1,TRUE
"rs1574539","A","G","A","G",-0.0508,0.0448281,0.28622,0.306295,FALSE,FALSE,FALSE,"SCC",0.0269581,0.0963363,"SCC",22215,0.008979,1.533e-08,"6895_1_TFRC_TR","TFRC",35373,2,1,TRUE
"rs2413450","C","T","C","T",-0.0487,0.029831,0.42498,0.575854,FALSE,FALSE,FALSE,"SCC",0.0250709,0.234099,"SCC",22215,0.008227,3.228e-09,"6895_1_TFRC_TR","TFRC",35373,2,1,TRUE
"rs3741983","T","C","T","C",-0.0543,-0.0294668,0.23511,0.160468,FALSE,FALSE,FALSE,"SCC",0.0337055,0.381986,"SCC",22215,0.00963,1.712e-08,"6895_1_TFRC_TR","TFRC",35370,2,1,TRUE
"rs576123","T","C","T","C",-0.0691,0.00709377,0.26016,0.562846,FALSE,FALSE,FALSE,"SCC",0.0250129,0.776714,"SCC",22215,0.00927,9.064e-14,"6895_1_TFRC_TR","TFRC",35371,2,1,TRUE
"rs580921","G","A","G","A",0.0535,-0.0380677,0.35824,0.310149,FALSE,FALSE,FALSE,"SCC",0.0268365,0.156044,"SCC",22215,0.008748,9.619e-10,"6895_1_TFRC_TR","TFRC",35438,2,1,TRUE
"rs8047587","T","G","T","G",0.0518,0.0328073,0.43917,0.441848,FALSE,FALSE,FALSE,"SCC",0.025033,0.190006,"SCC",22215,0.008142,1.993e-10,"6895_1_TFRC_TR","TFRC",35366,2,1,TRUE
